user_id,last_access,name,country,language,balance
6,1715087266,User_1,Russian Federation,Russian,0.04949890330033921
5,1650627748,User_2,United Kingdom,English,10000600.463771569
3,1656601111,User_3,United Kingdom,English,23141000000.63894
4,1683016593,User_4,United Kingdom,English,882773.4388287351
1,1695377354,User_5,United Kingdom,English,1002450.0511355001
2,1721992403,User_6,United Arab Emirates,English,100600.67007141547
7,1649863073,User_7,United Arab Emirates,Arabic,985982.0
